ecosystem_name,chamber,ecosystem_block,rep,total_vol_m3
SW,SW 1-1,1,1,0.006385043
SW,SW 1-2,1,2,0.007651811
SW,SW 1-3,1,3,0.006955088
SW,SW 1-4,1,4,0.01012201
SW,SW 2-1,2,1,0.007588473
SW,SW 2-2,2,2,0.007145104
SW,SW 2-3,2,3,0.007081765
SW,SW 2-4,2,4,0.008538549
UP,UP 1-1,1,1,0.009171934
UP,UP 1-2,1,2,0.009551964
UP,UP 1-3,1,3,0.007968503
UP,UP 1-4,1,4,0.007905165
UP,UP 2-1,2,1,0.00891858
UP,UP 2-2,2,2,0.006765073
UP,UP 2-3,2,3,0.008981918
UP,UP 2-4,2,4,0.008475211